<application>
  <component name="AppStorage">
    <histories>
      <item value="昨天" />
      <item value="WxToken get data from cache if miss will call source method, then add to cache." />
      <item value="got it" />
      <item value="The rawurl may be relative (a path, without a host) or absolute // (starting with a scheme). Trying to parse a hostname and path // without a scheme is invalid but may not necessarily return an // error, due to parsing ambiguities." />
      <item value="QueryRow always returns a non-nil value. Errors are deferred until Row's" />
      <item value="QueryRow executes a query that is expected to return at most one row." />
      <item value="RawURLEncoding is the unpadded alternate base64 encoding defined in RFC 4648. // It is typically used in URLs and file names. // This is the same as URLEncoding but omits padding characters." />
      <item value="Use X-Forwarded-For before X-Real-Ip as nginx uses X-Real-Ip with the proxy's IP." />
      <item value="not null" />
      <item value="暂停" />
      <item value="ToLower returns s with all Unicode letters mapped to their lower case." />
      <item value="乘" />
      <item value="乘法" />
      <item value="WHERE" />
      <item value="重置" />
      <item value="重制" />
      <item value="tests whether the string s begins with prefix." />
      <item value="免责声明" />
      <item value="合作" />
      <item value="距离" />
      <item value="bad origin: origins must either be '*' or include http:// or https://" />
      <item value="NOTE fix prom &amp; config uri key." />
      <item value="// TODO(bradfitz): for now we need to defensively clone all // []byte that the driver returned (not permitting // *RawBytes in Rows.Scan), since we're about to close // the Rows in our defer, when we return from this function. // the contract with the driver.Next(...) interface is that it // can return slices into read-only temporary memory that's // only valid until the next Scan/Close. But the TODO is that // for a lot of drivers, this copy will be unnecessary. We // should provide an optional interface for drivers to // implement to say, &quot;don't worry, the []bytes that I return // from Next will not be modified again.&quot; (for instance, if // they were obtained from the network anyway) But for now we // don't care." />
      <item value="Scan copies the columns from the matched row into the values // pointed at by dest. See the documentation on Rows.Scan for details. // If more than one row matches the query, // Scan uses the first row and discards the rest. If no row matches // the query, Scan returns ErrNoRows." />
      <item value="Gather" />
      <item value="云集配" />
      <item value="Components" />
      <item value="零件" />
      <item value="Accessories" />
      <item value="配件" />
      <item value="配见" />
      <item value="配" />
      <item value="集" />
      <item value="the mds containing those values are presented to Join." />
      <item value="The order of values for each key is determined by the order in which" />
      <item value="Join joins any number of mds into a single MD." />
      <item value="Fold" />
    </histories>
    <option name="languageScores">
      <map>
        <entry key="CHINESE" value="25" />
        <entry key="ENGLISH" value="26" />
      </map>
    </option>
  </component>
  <component name="Settings">
    <option name="ignoreRegExp" value="" />
  </component>
</application>